keys,en,uk,fr,es
BTN_PLAY,Play,Грати,Jouer,Jugar
BTN_SETTINGS,Settings,Налаштування,Paramètres,Ajustes
BTN_QUIT,Quit,Вихід,Quitter,Salir
BTN_RESUME,Resume,Продовжити,Reprendre,Continuar
BTN_MENU,Main Menu,Головне меню,Menu principal,Menú principal
MSG_WIN,You fed everyone!!,Ти нагодував усіх тварин!!,Tu as nourri tout le monde!!,¡Alimentaste a todos los animales!!
MSG_CORRECT,Good job!,Молодець!,Bon travail!,¡Buen trabajo!
MSG_WRONG,Wrong food,Не та їжа,Mauvaise nourriture,Comida equivocada
TITLE_GAME,Feed the Animals!,Нагодуй тварин!,Nourris les animaux!,¡Alimenta a los animales!
TITLE_PAUSE,Paused,Пауза,Pause,Pausa
LBL_VOLUME,Volume,Гучність,Volume,Volumen
MSG_BEST_SCORE,Best: %d errors %ds,Найкращий: %d помилок %dс,Meilleur: %d err %ds,Mejor: %d err %ds
LBL_COINS,Coins: %d,Монети: %d,Pièces: %d,Monedas: %d
BTN_SHOP,Shop,Магазин,Boutique,Tienda
BTN_BUY_FOREST,Forest (%d),Ліс (%d),Forêt (%d),Bosque (%d)
BTN_EQUIP,Equip,Обрати,Équiper,Equipar
LBL_EQUIPPED,Equipped,Обрано,Équipé,Equipado
MSG_DAILY_REWARD,Daily Reward: +%d Coins!,Щоденна нагорода: +%d монет!,Récompense quotidienne: +%d pièces!,Recompensa diaria: +%d monedas!
BTN_PRIVACY,Privacy Policy,Політика конфіденційності,Politique de confidentialité,Política de privacidad
MSG_TUTORIAL,Drag food to the animal!,Перетягни їжу до тварини!,Glisse la nourriture vers l'animal!,¡Arrastra la comida al animal!
BTN_COLLECTION,Collection,Колекція,Collection,Colección
BTN_NURSERY,Nursery,Розплідник,Pépinière,Guardería
TITLE_COLLECTION,Sticker Book,Книга наліпок,Album d'autocollants,Álbum de pegatinas
MSG_NEW_STICKER,New Sticker!,Нова наліпка!,Nouvel autocollant!,¡Nueva pegatina!
MSG_FEVER,FEVER! x%d,ЛИХОМАНКА! x%d,FIÈVRE! x%d,¡FIEBRE! x%d
MSG_ACHIEVEMENT,Achievement: 100 Fed! +500,Досягнення: 100 нагодовано! +500,Succès: 100 nourris! +500,¡Logro: 100 alimentados! +500
MSG_RATE_APP,Enjoying the game? Rate us!,Подобається гра? Оцініть нас!,Vous aimez le jeu? Évaluez-nous!,¿Te gusta el juego? ¡Califícanos!
BTN_RATE,Rate,Оцінити,Évaluer,Calificar
BTN_LATER,Later,Пізніше,Plus tard,Más tarde
MSG_QUEST_COMPLETE,Daily Quest Done! +300 Coins!,Щоденний квест виконано! +300 монет!,Quête quotidienne terminée! +300 pièces!,¡Misión diaria completada! +300 monedas!
LBL_HINT,Hint (%d),Підказка (%d),Indice (%d),Pista (%d)
LBL_HINTS_SHOP,3x Hints (%d) [%d],3x Підказки (%d) [%d],3x Indices (%d) [%d],3x Pistas (%d) [%d]
MSG_COPIED,Copied!,Скопійовано!,Copié!,¡Copiado!
MSG_CLIPBOARD_EMPTY,Clipboard empty!,Буфер порожній!,Presse-papiers vide!,¡Portapapeles vacío!
MSG_INVALID_DATA,Invalid data!,Невірні дані!,Données invalides!,¡Datos inválidos!
MSG_INVALID_SAVE,Invalid save data!,Невірні дані збереження!,Données de sauvegarde invalides!,¡Datos de guardado inválidos!
MSG_IDLE_EARNINGS,Your animals missed you! +%d coins,Твої тварини сумували! +%d монет,Tes animaux se sont ennuyés! +%d pièces,¡Tus animales te extrañaron! +%d monedas
BTN_GACHA,Gacha Box (%d),Гача-бокс (%d),Boîte Gacha (%d),Caja Gacha (%d)
MSG_ALL_UNLOCKED,All animals unlocked!,Усі тварини розблоковані!,Tous les animaux débloqués!,¡Todos los animales desbloqueados!
MSG_UNLOCKED,You unlocked %s!,Ти розблокував %s!,Tu as débloqué %s!,¡Desbloqueaste a %s!
BTN_CONTINUE,Continue,Далі,Continuer,Continuar
BTN_VIBRATION,Vibration,Вібрація,Vibration,Vibración
BTN_REDUCED_MOTION,Reduced Motion,Менше анімацій,Mouvement réduit,Movimiento reducido
LBL_PROGRESS,%d / %d Unlocked,%d / %d Відкрито,%d / %d Débloqué,%d / %d Desbloqueado
TITLE_QUESTS,Daily Quests,Щоденні квести,Quêtes quotidiennes,Misiones diarias
BTN_QUESTS,Quests,Квести,Quêtes,Misiones
QUEST_PLAY_MATCHES,Complete %d rounds,Завершити %d раундів,Terminer %d manches,Completar %d rondas
QUEST_USE_HINTS,Use %d hints,Використати %d підказок,Utiliser %d indices,Usar %d pistas
QUEST_EARN_COINS,Earn %d coins,Заробити %d монет,Gagner %d pièces,Ganar %d monedas
BTN_CLAIM,Claim,Забрати,Réclamer,Reclamar
LBL_CLAIMED,Claimed,Забрано,Réclamé,Reclamado
NUM_ZERO,Zero,Нуль,Zéro,Cero
NUM_ONE,One,Один,Un,Uno
NUM_TWO,Two,Два,Deux,Dos
NUM_THREE,Three,Три,Trois,Tres
NUM_FOUR,Four,Чотири,Quatre,Cuatro
NUM_FIVE,Five,П'ять,Cinq,Cinco
NUM_SIX,Six,Шість,Six,Seis
NUM_SEVEN,Seven,Сім,Sept,Siete
NUM_EIGHT,Eight,Вісім,Huit,Ocho
NUM_NINE,Nine,Дев'ять,Neuf,Nueve
GATE_INSTRUCTION,Enter the numbers shown as words,Введіть числа показані словами,Entrez les nombres en mots,Ingrese los números en palabras
GATE_TAP_PROMPT,Tap: %s,Натисни: %s,Appuyez: %s,Toca: %s
LBL_PARENT_ZONE,Parent Zone,Батьківська зона,Zone parentale,Zona de padres
LBL_STATS_HEADER,Child's Progress,Прогрес дитини,Progrès de l'enfant,Progreso del niño
LBL_GAMES_PLAYED,Games played: %d,Ігор зіграно: %d,Parties jouées: %d,Juegos jugados: %d
LBL_ANIMALS_FED,Animals fed: %d,Тварин нагодовано: %d,Animaux nourris: %d,Animales alimentados: %d
LBL_ANIMALS_UNLOCKED,Unlocked: %d / %d,Відкрито: %d / %d,Débloqué: %d / %d,Desbloqueado: %d / %d
LBL_BEST_TIME,Best time: %d:%02d,Найкращий час: %d:%02d,Meilleur temps: %d:%02d,Mejor tiempo: %d:%02d
BTN_EXPORT,Export Save,Експорт збереження,Exporter la sauvegarde,Exportar guardado
BTN_IMPORT,Import Save,Імпорт збереження,Importer la sauvegarde,Importar guardado
SPLASH_SUBTITLE,Play & Learn Adventures,Грай і вчись — Пригоди,Joue et apprends — Aventures,Juega y aprende — Aventuras
SPLASH_LETS_GO,LET'S GO!,ПОЇХАЛИ!,C'EST PARTI !,¡VAMOS!
TITLE_GAME_HUB,Games,Ігри,Jeux,Juegos
TITLE_LEVEL_COMPLETE,Level Complete!,Рівень пройдено!,Niveau terminé!,¡Nivel completado!
GAME_HUNGRY_PETS,Hungry Pets,Голодні улюбленці,Animaux affamés,Mascotas hambrientas
GAME_SHADOW_MATCH,Shadow Match,Збіг тіней,Ombres,Sombras
GAME_MEMORY,Memory,Пам'ять,Mémoire,Memoria
GAME_COLOR_POP,Color Pop,Лопай кольори,Éclate-couleurs,Estalla colores
GAME_SHAPE_SORTER,Shape Sorter,Форми,Formes,Formas
GAME_COUNTING,Counting,Лічба,Compter,Contar
GAME_PUZZLE,Puzzle,Пазл,Puzzle,Puzle
GAME_ODD_ONE_OUT,Photo Crasher,Фотобомбер,Photobombeur,Intruso en la foto
GAME_TRACING,Tracing,Обводимо,Tracé,Trazado
GAME_MUSIC,Music,Музика,Musique,Música
BADGE_PLAY,PLAY!,ГРАТИ!,JOUER!,¡JUGAR!
BADGE_PLAYED,Played ★,Зіграно ★,Joué ★,Jugado ★
BADGE_COMING_SOON,Coming Soon,Скоро,Bientôt,Próximamente
SHADOW_TUTORIAL,Find the shadow!,Знайди тінь!,Trouve l'ombre!,¡Encuentra la sombra!
SHADOW_TUTORIAL_TODDLER,Where is the shadow?,Де тінь?,Où est l'ombre ?,¿Dónde está la sombra?
MEMORY_TUTORIAL,Find two matching cards!,Знайди дві однакові картки!,Trouve les cartes identiques!,¡Encuentra las cartas iguales!
MEMORY_TUTORIAL_TODDLER,Find pairs!,Знайди пари!,Trouve les paires!,¡Encuentra los pares!
MEMORY_TUTORIAL_PRESCHOOL,Find and remember!,Знайди та запам'ятай!,Trouve et mémorise!,¡Encuentra y recuerda!
AGE_TITLE,How old are you?,Скільки тобі років?,Quel âge as-tu?,¿Cuántos años tienes?
AGE_TODDLER,2-4 Years,2-4 Роки,2-4 Ans,2-4 Años
AGE_TODDLER_DESC,Play and explore!,Граємо та вивчаємо світ!,Jouer et explorer!,¡Jugar y explorar!
AGE_PRESCHOOL,3-7 Years,3-7 Років,3-7 Ans,3-7 Años
AGE_PRESCHOOL_DESC,Think and solve!,Думаємо та вирішуємо!,Penser et résoudre!,¡Pensar y resolver!
AGE_START,Let's Go!,Поїхали!,C'est parti!,¡Vamos!
BTN_CHANGE_AGE,Change Age,Змінити вік,Changer l'âge,Cambiar edad
LBL_CURRENT_AGE,Age group: %s,Вікова група: %s,Groupe d'âge: %s,Grupo de edad: %s
COLOR_POP_TUTORIAL_TODDLER,Pop the bubbles!,Лопай бульбашки!,Éclate les bulles!,¡Revienta las burbujas!
COLOR_POP_TUTORIAL_PRESCHOOL,Pop only RED ones!,Лопай тільки ЧЕРВОНІ!,Éclate seulement les ROUGES!,¡Revienta solo los ROJOS!
COLOR_POP_TARGET,Pop: %s,Лопай: %s,Éclate: %s,Revienta: %s
COLOR_RED,Red,Червоний,Rouge,Rojo
COLOR_BLUE,Blue,Синій,Bleu,Azul
COLOR_GREEN,Green,Зелений,Vert,Verde
COLOR_YELLOW,Yellow,Жовтий,Jaune,Amarillo
COLOR_PURPLE,Purple,Фіолетовий,Violet,Morado
COLOR_ORANGE,Orange,Помаранчевий,Orange,Naranja
COLOR_PINK,Pink,Рожевий,Rose,Rosa
MUSIC_TUTORIAL_TODDLER,Tap the animals to play music!,Тикай на тварин щоб грати музику!,Appuie sur les animaux pour jouer!,¡Toca los animales para tocar música!
MUSIC_TUTORIAL_PRESCHOOL,Watch and repeat the melody!,Дивись і повтори мелодію!,Regarde et répète la mélodie!,¡Mira y repite la melodía!
MUSIC_WATCH,Watch...,Дивись...,Regarde...,Mira...
MUSIC_YOUR_TURN,Your turn!,Твоя черга!,À toi!,¡Tu turno!
MUSIC_GREAT,Great melody!,Чудова мелодія!,Belle mélodie!,¡Gran melodía!
MUSIC_LISTEN_BACK,Listen to your melody!,Послухай свою мелодію!,Écoute ta mélodie!,¡Escucha tu melodía!
MUSIC_CONCERT,Concert time!,Час концерту!,C'est le concert!,¡Hora del concierto!
MUSIC_LEVEL,Level,Рівень,Niveau,Nivel
SHAPES_TUTORIAL_TODDLER,Build a creature!,Збери істоту!,Construis une créature !,¡Construye una criatura!
SHAPES_TUTORIAL_PRESCHOOL,Build in the workshop!,Збери в майстерні!,Construis dans l'atelier !,¡Construye en el taller!
SHAPES_COMPLETE,All shapes matched!,Усі фігури на місці!,Toutes les formes placées!,¡Todas las formas colocadas!
ODD_TUTORIAL_TODDLER,Find the photo crasher!,Знайди фотобомбера!,Trouve le photobombeur !,¡Encuentra al intruso de la foto!
ODD_TUTORIAL_PRESCHOOL,Who crashed the photo?,Хто влiз у фото?,Qui a ruiné la photo ?,¿Quién arruinó la foto?
COUNTING_TUTORIAL_TODDLER,Give Tofie the fruits!,Дай Тофі фрукти!,Donne les fruits à Tofie !,¡Dale las frutas a Tofie!
COUNTING_TUTORIAL_PRESCHOOL,Solve the equation!,Розв'яжи рівняння!,Résous l'équation !,¡Resuelve la ecuación!
COUNTING_GIVE_TOFIE,Give Tofie %d %s!,Дай Тофі %d %s!,Donne %d %s à Tofie !,¡Dale %d %s a Tofie!
COUNTING_COUNTER,%d / %d,%d / %d,%d / %d,%d / %d
COUNTING_ROUND,Round %d / %d,Раунд %d / %d,Manche %d / %d,Ronda %d / %d
FRUIT_APPLE,Apple,Яблуко,Pomme,Manzana
FRUIT_BANANA,Banana,Банан,Banane,Plátano
FRUIT_ORANGE,Orange,Апельсин,Orange,Naranja
FRUIT_GRAPE,Grape,Виноград,Raisin,Uva
FRUIT_WATERMELON,Watermelon,Кавун,Pastèque,Sandía
SHOP_NOT_ENOUGH,Not enough stars!,Замало зірок!,Pas assez d'étoiles !,¡No hay suficientes estrellas!
GAME_PATTERN,Patterns,Візерунки,Motifs,Patrones
PATTERN_TUTORIAL_TODDLER,What comes next?,Що далі?,Qu'est-ce qui suit ?,¿Qué sigue?
PATTERN_TUTORIAL_PRESCHOOL,Complete the pattern!,Доповни візерунок!,Complète le motif !,¡Completa el patrón!
GAME_COMPARE,Compare,Порівняння,Comparer,Comparar
COMPARE_TUTORIAL_TODDLER,Who has more food?,У кого більше їжі?,Qui a plus de nourriture ?,¿Quién tiene más comida?
COMPARE_TUTORIAL_PRESCHOOL,Help the hungry friends!,Допоможи голодним друзям!,Aide les amis affamés !,¡Ayuda a los amigos hambrientos!
COMPARE_WHICH_MORE,Which has MORE?,Де БІЛЬШЕ?,Lequel a PLUS ?,¿Cuál tiene MÁS?
COMPARE_WHICH_FEWER,Which has FEWER?,Де МЕНШЕ?,Lequel a MOINS ?,¿Cuál tiene MENOS?
COMPARE_VS,VS,VS,VS,VS
MEMORY_PAIRS_FOUND,%d / %d,%d / %d,%d / %d,%d / %d
GAME_SORTING,Sorting,Сортування,Tri,Clasificación
SORTING_TUTORIAL_TODDLER,Sort the animals!,Сортуй тваринок!,Trie les animaux !,¡Clasifica los animales!
SORTING_TUTORIAL_PRESCHOOL,Sort by habitat!,Сортуй за середовищем!,Trie par habitat !,¡Clasifica por hábitat!
SORTING_CAT_FOREST,Forest,Ліс,Forêt,Bosque
SORTING_CAT_FARM,Farm,Ферма,Ferme,Granja
SORTING_CAT_SAVANNA,Savanna,Савана,Savane,Sabana
SORTING_CAT_OCEAN,Ocean,Океан,Océan,Océano
GAME_SIZE_SORT,Family Photo,Сімейне фото,Photo de famille,Foto familiar
SIZE_SORT_TUTORIAL_TODDLER,Seat the family by size!,Посади сім'ю за розміром!,Assieds la famille par taille !,¡Sienta a la familia por tamaño!
SIZE_SORT_TUTORIAL_PRESCHOOL,Arrange dad mom and baby on chairs!,Розсади тата маму і малюка на стільці!,Place papa maman et bébé sur les chaises !,¡Sienta a papá mamá y bebé en las sillas!
SIZE_BIG,Big,Великий,Grand,Grande
SIZE_MEDIUM,Medium,Середній,Moyen,Mediano
SIZE_SMALL,Small,Малий,Petit,Pequeño
GAME_COLOR_CONVEYOR,Paint Factory,Фабрика фарб,Usine de peinture,Fábrica de pintura
CONVEYOR_TUTORIAL_TODDLER,Dip in the right paint!,Фарбуй у правильну фарбу!,Trempe dans la bonne peinture !,¡Moja en la pintura correcta!
CONVEYOR_TUTORIAL_PRESCHOOL,Paint the shapes before they pass!,Пофарбуй фігури поки вони їдуть!,Peins les formes avant qu'elles passent !,¡Pinta las formas antes de que pasen!
PUZZLE_TUTORIAL_TODDLER,Match the halves!,З'єднай половинки!,Assemble les moitiés !,¡Une las mitades!
PUZZLE_TUTORIAL_PRESCHOOL,Complete the puzzle!,Склади пазл!,Complète le puzzle !,¡Completa el rompecabezas!
MIRROR_TUTORIAL_TODDLER,Free the animals from the mirrors!,Звільни тварин з дзеркал!,Libère les animaux des miroirs !,¡Libera a los animales de los espejos!
MIRROR_TUTORIAL_PRESCHOOL,Break the spell! Match the halves!,Зніми закляття! З'єднай половинки!,Brise le sort ! Assemble les moitiés !,¡Rompe el hechizo! ¡Une las mitades!
COLORING_TUTORIAL_TODDLER,Color the animal!,Розфарбуй тваринку!,Colorie l'animal !,¡Colorea al animal!
COLORING_TUTORIAL_PRESCHOOL,Paint with all colors!,Малюй усіма кольорами!,Peins avec toutes les couleurs !,¡Pinta con todos los colores!
GAME_HYGIENE,Hygiene,Гігієна,Hygiène,Higiene
HYGIENE_TUTORIAL_TODDLER,Wipe the animal clean!,Витри тваринку!,Nettoie l'animal !,¡Limpia al animal!
HYGIENE_TUTORIAL_PRESCHOOL,Pick the right tool and clean!,Обери інструмент і витри!,Choisis l'outil et nettoie !,¡Elige la herramienta y limpia!
HYGIENE_TOOL_SPONGE,Sponge,Губка,Éponge,Esponja
HYGIENE_TOOL_SPRAY,Spray,Спрей,Spray,Spray
HYGIENE_TOOL_TOWEL,Towel,Рушник,Serviette,Toalla
GAME_WEATHER_DRESS,Weather Dress,Одяг за погодою,Habille selon la météo,Viste según el clima
DRESS_TUTORIAL_TODDLER,Dress for the weather!,Одягни за погодою!,Habille selon la météo !,¡Viste según el clima!
DRESS_TUTORIAL_PRESCHOOL,Pick the right clothes!,Обери правильний одяг!,Choisis les bons vêtements !,¡Elige la ropa correcta!
WEATHER_SUNNY,Sunny,Сонячно,Ensoleillé,Soleado
WEATHER_RAINY,Rainy,Дощ,Pluvieux,Lluvioso
WEATHER_SNOWY,Snowy,Сніг,Neigeux,Nevado
WEATHER_WINDY,Windy,Вітряно,Venteux,Ventoso
GAME_SAFE_MAZE,Forest Trail,Лісова тропа,Sentier forestier,Sendero del bosque
MAZE_TUTORIAL_TODDLER,Guide the animal through the forest!,Проведи тваринку через ліс!,Guide l'animal dans la foret !,¡Guía al animal por el bosque!
MAZE_TUTORIAL_PRESCHOOL,Follow the forest path carefully!,Слідуй лісовою стежкою обережно!,Suis le sentier forestier prudemment !,¡Sigue el sendero del bosque con cuidado!
GAME_SENSORY_SANDBOX,Neon Draw,Неонове малювання,Dessin néon,Dibujo neón
SANDBOX_TUTORIAL_TODDLER,Draw with your finger!,Малюй пальчиком!,Dessine avec ton doigt !,¡Dibuja con tu dedo!
SANDBOX_TUTORIAL_PRESCHOOL,Create neon art!,Створи неонову картину!,Crée de l'art néon !,¡Crea arte neón!
GAME_ALGO_ROBOT,Robot,Робот,Robot,Robot
ALGO_TUTORIAL_TODDLER,Guide the robot to the star!,Проведи робота до зірки!,Guide le robot vers l'étoile !,¡Guía al robot hasta la estrella!
ALGO_TUTORIAL_PRESCHOOL,Program the robot's path!,Запрограмуй шлях робота!,Programme le chemin du robot !,¡Programa el camino del robot!
ALGO_F1_DEFINE,Define function f1!,Визнач функцію f1!,Définis la fonction f1 !,¡Define la función f1!
GAME_MATH_SCALES,Math Scales,Математичні ваги,Balance mathématique,Balanza matemática
SCALES_TUTORIAL,Balance the scales!,Зрівноваж терези!,Équilibre la balance !,¡Equilibra la balanza!
GAME_CASH_REGISTER,Tofie's Shop,Магазин Тофі,Boutique de Tofie,Tienda de Tofie
REGISTER_TUTORIAL,Pay the exact price!,Заплати точну ціну!,Paie le prix exact !,¡Paga el precio exacto!
SHOP_TUTORIAL,Pay the exact price!,Заплати точну ціну!,Paie le prix exact !,¡Paga el precio exacto!
SHOP_TUTORIAL_TODDLER,Put coins on the counter!,Поклади монетки на прилавок!,Mets les pièces sur le comptoir !,¡Pon las monedas en el mostrador!
SHOP_WALLET,Wallet,Гаманець,Portefeuille,Billetera
SHOP_BAG,Bag,Пакет,Sac,Bolsa
SHOP_OVERPAY,Too much!,Забагато!,Trop !,¡Demasiado!
GAME_ECO_CONVEYOR,Eco Sort,Еко-сортування,Tri écologique,Clasificación ecológica
ECO_TUTORIAL,Sort the trash!,Сортуй сміття!,Trie les déchets !,¡Clasifica la basura!
GAME_LOOP_ROBOT,Loop Robot,Робот з циклами,Robot à boucles,Robot con bucles
LOOP_TUTORIAL,Program with repeats!,Програмуй з повторами!,Programme avec des répétitions !,¡Programa con repeticiones!
GAME_KNIGHT_PATH,Knight's Path,Шлях коня,Chemin du cavalier,Camino del caballo
KNIGHT_TUTORIAL,Move the knight to the star!,Доведи коня до зірки!,Amène le cavalier à l'étoile !,¡Lleva el caballo a la estrella!
KNIGHT_TODDLER_TUTORIAL,Tap green cells to collect stars!,Натискай зелені клітинки та збирай зірки!,Appuie sur les cases vertes pour collecter les étoiles !,¡Toca las casillas verdes para recoger estrellas!
KNIGHT_TREASURE_HUNT,The knight hunts for treasure!,Лицар шукає скарби!,Le chevalier chasse le trésor !,¡El caballero busca tesoros!
KNIGHT_MOVES,Moves: %d / Min: %d,Ходи: %d / Мін: %d,Coups : %d / Min : %d,Movimientos: %d / Mín: %d
KNIGHT_QUEST_TUTORIAL,Guide the knight to the treasure!,Проведи лицаря до скарбу!,Guide le chevalier vers le trésor !,¡Guía al caballero hacia el tesoro!
KNIGHT_LEARN_L_MOVE,Tap any cell to see how the knight jumps!,Натисни будь-яку клітинку — подивись як стрибає кінь!,Appuie sur une case pour voir comment le chevalier saute !,¡Toca una casilla para ver cómo salta el caballo!
KNIGHT_ARMOR_SHIELD,Shield found!,Щит знайдено!,Bouclier trouvé !,¡Escudo encontrado!
KNIGHT_ARMOR_HELMET,Helmet found!,Шолом знайдено!,Casque trouvé !,¡Casco encontrado!
KNIGHT_ARMOR_SWORD,Sword found!,Меч знайдено!,Épée trouvée !,¡Espada encontrada!
KNIGHT_ARMOR_CAPE,Cape found!,Плащ знайдено!,Cape trouvée !,¡Capa encontrada!
KNIGHT_DRAGON_FRIEND,The dragon is your friend!,Дракон тепер твій друг!,Le dragon est ton ami !,¡El dragón es tu amigo!
GAME_COLOR_LAB,Magic Potions,Чарівні зілля,Potions magiques,Pociones mágicas
COLOR_LAB_TUTORIAL,Brew a magic potion!,Звари чарівне зілля!,Prépare une potion magique !,¡Prepara una poción mágica!
GAME_MATH_BINGO,Treasure Map,Карта скарбів,Carte au trésor,Mapa del tesoro
BINGO_TUTORIAL,Solve and mark!,Розв'яжи та позначай!,Résous et marque !,¡Resuelve y marca!
BINGO_PARTY,Bingo party with animals!,Бінго-вечірка у тварин!,Fête bingo avec les animaux !,¡Fiesta bingo con animales!
BINGO_CELEBRATION,BINGO!,БІНГО!,BINGO !,¡BINGO!
TREASURE_TUTORIAL,Solve and open the chest!,Розв'яжи та відкрий сундук!,Résous et ouvre le coffre !,¡Resuelve y abre el cofre!
TREASURE_TUTORIAL_TODDLER,Find the right chest!,Знайди правильний сундук!,Trouve le bon coffre !,¡Encuentra el cofre correcto!
TREASURE_FOUND,TREASURE!,КЛАД!,TRÉSOR !,¡TESORO!
TREASURE_KEY,[Key],[Ключ],[Clé],[Llave]
TREASURE_CROWN,[Crown],[Корона],[Couronne],[Corona]
TREASURE_FIND_COUNT,Find this many!,Знайди стільки!,Trouve ce nombre !,¡Encuentra esta cantidad!
GAME_SPELLING,Camp Name Tags,Бірки табору,Badges du camp,Insignias del campamento
SPELLING_TUTORIAL,Spell the word!,Склади слово!,Épelle le mot !,¡Deletrea la palabra!
SPELLING_CAMP_TUTORIAL,Help animals find their name tags!,Допоможи тваринам знайти бірки!,Aide les animaux à trouver leurs badges !,¡Ayuda a los animales a encontrar sus insignias!
SPELLING_CAMP_TODDLER,Which animal starts with this letter?,Яка тварина починається з цієї букви?,Quel animal commence par cette lettre ?,¿Qué animal empieza con esta letra?
GAME_GRAVITY_ORBITS,Orbits,Орбіти,Orbites,Órbitas
ORBITS_TUTORIAL,Keep the satellite in orbit!,Утримуй супутник на орбіті!,Maintiens le satellite en orbite !,¡Mantén el satélite en órbita!
GRAVITY_TIME,%.1f s,%.1f с,%.1f s,%.1f s
GAME_ANALOG_CLOCK,Clock,Годинник,Horloge,Reloj
LOOP_ROBOT_TUTORIAL,Program the robot with loops!,Програмуй робота з повторами!,Programme le robot avec des boucles !,¡Programa el robot con bucles!
CLOCK_TUTORIAL,Set the clock!,Встанови час!,Règle l'horloge !,¡Pon la hora!
CLOCK_PLUS_HOUR,+1h,+1г,+1h,+1h
CLOCK_MINUS_HOUR,-1h,-1г,-1h,-1h
CLOCK_PLUS_MIN,+5m,+5хв,+5m,+5m
CLOCK_MINUS_MIN,-5m,-5хв,-5m,-5m
EXIT_TITLE,Exit Game,Вихід з гри,Quitter le jeu,Salir del juego
EXIT_CONFIRM,Do you want to quit?,Бажаєш вийти з гри?,Veux-tu quitter le jeu ?,¿Quieres salir del juego?
EXIT_YES,Yes,Так,Oui,Sí
EXIT_NO,No,Ні,Non,No
SPLASH_TAP,Tap to play!,Натисни щоб грати!,Appuie pour jouer !,¡Toca para jugar!
BTN_BACK,Back,Назад,Retour,Atrás
ECO_PAPER,Paper,Папір,Papier,Papel
ECO_PLASTIC,Plastic,Пластик,Plastique,Plástico
ECO_GLASS,Glass,Скло,Verre,Vidrio
ECO_ORGANIC,Organic,Органіка,Organique,Orgánico
ECO_CLEAN,Clean,Чисте,Propre,Limpio
ECO_DIRTY,Dirty,Брудне,Sale,Sucio
ECO_TODDLER_TUTORIAL,Put clean things in the clean bin!,Поклади чисте у чистий контейнер!,Mets les choses propres dans le bon bac !,¡Pon las cosas limpias en el contenedor limpio!
SPELL_CAT,CAT,КІТ,CHAT,GATO
SPELL_DOG,DOG,ПЕС,CHIEN,PERRO
SPELL_COW,COW,КОРОВА,VACHE,VACA
SPELL_HEN,HEN,КУРКА,POULE,GALLINA
SPELL_BEAR,BEAR,ВЕДМІДЬ,OURS,OSO
SPELL_FROG,FROG,ЖАБА,GRENOUILLE,RANA
SPELL_DEER,DEER,ОЛЕНЬ,CERF,CIERVO
SPELL_GOAT,GOAT,КОЗА,CHÈVRE,CABRA
SPELL_LION,LION,ЛЕВ,LION,LEÓN
SPELL_PANDA,PANDA,ПАНДА,PANDA,PANDA
SPELL_HORSE,HORSE,КІНЬ,CHEVAL,CABALLO
SPELL_MOUSE,MOUSE,МИША,SOURIS,RATÓN
SPELL_BUNNY,BUNNY,КРОЛЬ,LAPIN,CONEJO
SPELL_MONKEY,MONKEY,МАВПА,SINGE,MONO
SPELL_PENGUIN,PENGUIN,ПІНГВІН,PINGOUIN,PINGÜINO
SPELL_ELEPHANT,ELEPHANT,СЛОН,ÉLÉPHANT,ELEFANTE
SPELL_HEDGEHOG,HEDGEHOG,ЇЖАК,HÉRISSON,ERIZO
SPELL_SQUIRREL,SQUIRREL,БІЛКА,ÉCUREUIL,ARDILLA
SPELL_CROCODILE,CROCODILE,КРОКОДИЛ,CROCODILE,COCODRILO
SPELLING_ALPHABET,ABCDEFGHIJKLMNOPQRSTUVWXYZ,АБВГҐДЕЄЖЗИІЇЙКЛМНОПРСТУФХЦЧШЩЬЮЯ,ABCDEFGHIJKLMNOPQRSTUVWXYZ,ABCDEFGHIJKLMNOPQRSTUVWXYZ
BTN_COLOR_BLIND,Color-Blind Mode,Режим дальтонізму,Mode daltonien,Modo daltónico
LBL_SFX_VOLUME,Sound Effects,Звукові ефекти,Effets sonores,Efectos de sonido
LBL_BGM_VOLUME,Music Volume,Гучність музики,Volume musique,Volumen música
LBL_SESSION_LIMIT,Session Timer: %d min,Таймер сесії: %d хв,Minuterie: %d min,Temporizador: %d min
LBL_SESSION_OFF,Session Timer: Off,Таймер сесії: Вимк,Minuterie: Désactivé,Temporizador: Apagado
TAB_ANIMALS,Animals,Тварини,Animaux,Animales
TAB_BACKGROUNDS,Backgrounds,Фони,Arrière-plans,Fondos
BTN_BUY_BG,Buy (%d),Купити (%d),Acheter (%d),Comprar (%d)
LBL_EQUIP,Equip,Обрати,Équiper,Equipar
BG_SKY,Sky,Небо,Ciel,Cielo
BG_MEADOW,Meadow,Луки,Prairie,Pradera
BG_FOREST,Forest,Ліс,Forêt,Bosque
BG_OCEAN,Ocean,Океан,Océan,Océano
BG_BEACH,Beach,Пляж,Plage,Playa
BG_CITY,City,Місто,Ville,Ciudad
BG_PUZZLE,Puzzle,Пазл,Puzzle,Puzle
BG_GARDEN,Garden,Сад,Jardin,Jardín
BG_FOREST_NIGHT,Dark Forest,Нічний ліс,Forêt sombre,Bosque oscuro
BG_SCIENCE,Science Lab,Лабораторія,Labo science,Laboratorio
BG_CANDY,Candy Land,Цукерковий світ,Pays des bonbons,Tierra de dulces
BG_ARCTIC,Arctic,Арктика,Arctique,Ártico
BG_SUNSET,Sunset Forest,Ліс на заході,Forêt au coucher,Bosque al atardecer
BG_SPACE,Space,Космос,Espace,Espacio
BG_ARCTIC_NIGHT,Arctic Night,Арктична ніч,Nuit arctique,Noche ártica
BG_ARCTIC_VILLAGE,Arctic Village,Арктичне село,Village arctique,Aldea ártica
BG_UNDERWATER,Underwater,Підводний світ,Sous-marin,Submarino
BG_CASTLE,Castle,Замок,Château,Castillo
CLOCK_TODDLER_INSTRUCTION,What time is it?,Котра година?,Quelle heure est-il ?,¿Qué hora es?
CLOCK_ACTIVITY_MORNING,Morning! 7 o'clock!,Ранок! Сьома година!,Le matin ! 7 heures !,¡Mañana! ¡Las 7!
CLOCK_ACTIVITY_BREAKFAST,Breakfast! 8 o'clock!,Сніданок! Восьма година!,Petit-déjeuner ! 8 heures !,¡Desayuno! ¡Las 8!
CLOCK_ACTIVITY_LUNCH,Lunch! 12 o'clock!,Обід! Дванадцята година!,Déjeuner ! 12 heures !,¡Almuerzo! ¡Las 12!
CLOCK_ACTIVITY_PLAY,Playtime! 3 o'clock!,Час гратися! Третя година!,C'est l'heure de jouer ! 15 heures !,¡A jugar! ¡Las 3!
CLOCK_ACTIVITY_DINNER,Dinner! 6 o'clock!,Вечеря! Шоста година!,Dîner ! 18 heures !,¡Cena! ¡Las 6!
CLOCK_ACTIVITY_BATH,Bath time! 8 o'clock!,Час купатися! Восьма вечора!,L'heure du bain ! 20 heures !,¡Hora del baño! ¡Las 8!
CLOCK_ACTIVITY_SLEEP,Bedtime! 9 o'clock!,Час спатоньки! Дев'ята вечора!,Au lit ! 21 heures !,¡A dormir! ¡Las 9!
CLOCK_ACTIVITY_LEARNING,Learning time! 9 o'clock!,Час вчитися! Дев'ята ранку!,C'est l'heure d'apprendre ! 9 heures !,¡Hora de aprender! ¡Las 9!
CLOCK_ACTIVITY_SNACK,Snack time! 10 o'clock!,Перекус! Десята година!,C'est le goûter ! 10 heures !,¡Hora de la merienda! ¡Las 10!
CLOCK_ACTIVITY_READING,Reading time! 2 o'clock!,Час читати! Друга година!,L'heure de lire ! 14 heures !,¡Hora de leer! ¡Las 2!
CLOCK_ACTIVITY_WALK,Let's go for a walk! 4 o'clock!,Час на прогулянку! Четверта година!,Promenade ! 16 heures !,¡A pasear! ¡Las 4!
CLOCK_ACTIVITY_FAMILY,Family time! 7 o'clock!,Час з родиною! Сьома вечора!,En famille ! 19 heures !,¡Tiempo en familia! ¡Las 7!
CLOCK_TODDLER_MATCH,What is Tofie doing?,Що робить Тофі?,Que fait Tofie ?,¿Qué hace Tofie?
CLOCK_ACTIVITY_MORNING_SHORT,Morning,Ранок,Le matin,Mañana
CLOCK_ACTIVITY_BREAKFAST_SHORT,Breakfast,Сніданок,Petit-déjeuner,Desayuno
CLOCK_ACTIVITY_LUNCH_SHORT,Lunch,Обід,Déjeuner,Almuerzo
CLOCK_ACTIVITY_PLAY_SHORT,Playtime,Час гри,Jeu,A jugar
CLOCK_ACTIVITY_DINNER_SHORT,Dinner,Вечеря,Dîner,Cena
CLOCK_ACTIVITY_BATH_SHORT,Bath time,Купання,Le bain,Baño
CLOCK_ACTIVITY_SLEEP_SHORT,Bedtime,Час спати,Au lit,Dormir
CLOCK_ACTIVITY_LEARNING_SHORT,Learning,Навчання,Apprendre,Aprender
CLOCK_ACTIVITY_SNACK_SHORT,Snack,Перекус,Goûter,Merienda
CLOCK_ACTIVITY_READING_SHORT,Reading,Читання,Lire,Leer
CLOCK_ACTIVITY_WALK_SHORT,Walk,Прогулянка,Promenade,Paseo
CLOCK_ACTIVITY_FAMILY_SHORT,Family,Родина,Famille,Familia
BINGO_TUTORIAL_TODDLER,Find the right chest!,Знайди правильний сундук!,Trouve le bon coffre !,¡Encuentra el cofre correcto!
SPELLING_TUTORIAL_TODDLER,Who is this? Tap the right card!,Хто це? Натисни правильну картку!,Qui est-ce ? Appuie sur la bonne carte !,¿Quién es? ¡Toca la tarjeta correcta!
REGISTER_TUTORIAL_TODDLER,Put coins in the register!,Поклади монетки в касу!,Mets les pièces dans la caisse !,¡Pon las monedas en la caja!
COMPARE_EQUAL_OR_NOT,Are they equal?,Чи вони рівні?,Sont-ils égaux ?,¿Son iguales?
ROBOT_LOST_HELP,The robot is lost! Help it find the way!,Робот загубився! Допоможи йому знайти шлях!,Le robot est perdu ! Aide-le à trouver le chemin !,¡El robot está perdido! ¡Ayúdalo a encontrar el camino!
WHO_IS_HIDING,Who is hiding here?,Хто тут заховався?,Qui se cache ici ?,¿Quién se esconde aquí?
WHO_ATE_MORE,Who ate more?,Хто з'їв більше?,Qui a mangé plus ?,¿Quién comió más?
COMPARE_WHO_HAS_MORE,Who has more food?,У кого більше їжі?,Qui a plus de nourriture ?,¿Quién tiene más comida?
COMPARE_SHARING,They share!,Вони діляться!,Ils partagent !,¡Comparten!
COMPARE_FRIENDS_HAPPY,Happy friends!,Щасливі друзі!,Amis heureux !,¡Amigos felices!
FAMILY_PHOTO_NARRATIVE,Seat the family for a photo!,Розсади сім'ю для фото!,Assieds la famille pour la photo !,¡Sienta a la familia para la foto!
FAMILY_PHOTO_CLICK,Click!,Клац!,Clic !,¡Clic!
FAMILY_PHOTO_GALLERY,Photo gallery!,Фото галерея!,Galerie photo !,¡Galeria de fotos!
GOING_HOME,Help the animals find home!,Допоможи тваринам знайти дім!,Aide les animaux à trouver leur maison !,¡Ayuda a los animales a encontrar su hogar!
SAVE_PLANET,Save the planet!,Врятуй планету!,Sauve la planète !,¡Salva el planeta!
PAINTER_NEEDS,The paint factory needs help!,Фабрика фарб потребує допомоги!,L'usine de peinture a besoin d'aide !,¡La fábrica de pintura necesita ayuda!
PAINTER_MASTERPIECE,Beautiful colors!,Гарні кольори!,Belles couleurs !,¡Hermosos colores!
TOFIE_SCHEDULE,Tofie's Schedule,Розклад Тофі,L'emploi du temps de Tofie,El horario de Tofie
WIZARD_PATTERNS,The wizard creates patterns!,Чарівник створює візерунки!,Le magicien crée des motifs !,¡El mago crea patrones!
SCALES_SHARE_TUTORIAL,Share equally!,Поділи порівну!,Partage également !,¡Comparte por igual!
ORBITS_TODDLER_TUTORIAL,Catch the stars!,Лови зірочки!,Attrape les étoiles !,¡Atrapa las estrellas!
WEATHER_CLOUDY,Cloudy,Хмарно,Nuageux,Nublado
WEATHER_STORMY,Stormy,Грозово,Orageux,Tormentoso
WEATHER_HOT,Hot,Спека,Chaud,Caluroso
WEATHER_FOGGY,Foggy,Туманно,Brumeux,Neblinoso
COLOR_CREAM,Cream,Кремовий,Crème,Crema
COLOR_LIGHT_BLUE,Light Blue,Блакитний,Bleu clair,Azul claro
COLOR_BROWN,Brown,Коричневий,Marron,Marrón
COLOR_OLIVE,Olive,Оливковий,Olive,Oliva
COLOR_DARK_BROWN,Dark Brown,Темно-коричневий,Brun foncé,Marrón oscuro
COLOR_LIME,Lime,Лаймовий,Vert citron,Lima
COLOR_SCARLET,Scarlet,Червоний,Écarlate,Escarlata
COLOR_PEACH,Peach,Персиковий,Pêche,Melocotón
COLOR_LAVENDER,Lavender,Лавандовий,Lavande,Lavanda
COLOR_MINT,Mint,М'ятний,Menthe,Menta
COLOR_SALMON,Salmon,Лососевий,Saumon,Salmón
COLOR_LAVENDER_BLUE,Lavender Blue,Лавандово-блакитний,Bleu lavande,Azul lavanda
COLOR_WHITE,White,Білий,Blanc,Blanco
INFO_WHAT_TO_DO,What to do:,Що робити:,Que faire :,Qué hacer:
INFO_DEVELOPS,Develops:,Розвиває:,Développe :,Desarrolla:
DESC_HUNGRY_PETS,Help the animals find food! Drag the right food to the hungry animal.,Допоможи тваринам знайти їжу! Перетягни правильну їжу до голодної тварини.,Aide les animaux à trouver de la nourriture ! Glisse la bonne nourriture vers l'animal affamé.,Ayuda a los animales a encontrar comida. Arrastra la comida correcta al animal hambriento.
SKILL_HUNGRY_PETS,Associative thinking,Асоціативне мислення,Pensée associative,Pensamiento asociativo
DESC_SHADOW_MATCH,Find the animal's shadow! Drag the colorful animal onto the correct silhouette.,Знайди тінь тварини! Перетягни кольорову тварину на правильний силует.,Trouve l'ombre de l'animal ! Glisse l'animal coloré sur la bonne silhouette.,Encuentra la sombra del animal. Arrastra el animal de color a la silueta correcta.
SKILL_SHADOW_MATCH,Shape recognition,Розпізнавання форм,Reconnaissance des formes,Reconocimiento de formas
DESC_MEMORY,Find the pairs! Remember where each card is and find matching ones.,Знайди пари! Запам'ятай де яка картка і знайди однакові.,Trouve les paires ! Mémorise l'emplacement des cartes et trouve les identiques.,Encuentra los pares. Recuerda dónde está cada carta y encuentra las iguales.
SKILL_MEMORY,Short-term memory,Короткочасна пам'ять,Mémoire à court terme,Memoria a corto plazo
DESC_COLOR_POP,Pop the bubbles! Toddlers: all of them. Preschoolers: only the right color.,Лопай бульбашки! Малюки: усі. Дошкільнята: тільки потрібного кольору.,Éclate les bulles ! Tout-petits : toutes. Préscolaires : seulement la bonne couleur.,Revienta las burbujas. Pequeños: todas. Preescolares: solo del color correcto.
SKILL_COLOR_POP,Color recognition,Розпізнавання кольорів,Reconnaissance des couleurs,Reconocimiento de colores
DESC_SHAPE_SORTER,Sort the shapes! Toddlers: shapes into holes. Preschoolers: build a rocket.,Склади фігури! Малюки: фігури в отвори. Дошкільнята: збери ракету.,Trie les formes ! Tout-petits : formes dans les trous. Préscolaires : construis une fusée.,Clasifica las formas. Pequeños: formas en agujeros. Preescolares: construye un cohete.
SKILL_SHAPE_SORTER,Spatial thinking,Просторове мислення,Pensée spatiale,Pensamiento espacial
DESC_COUNTING,Count and give! Put as many fruits as needed.,Порахуй і дай! Поклади стільки фруктів скільки потрібно.,Compte et donne ! Mets autant de fruits que demandé.,Cuenta y da. Pon tantas frutas como se necesiten.
SKILL_COUNTING,Counting and arithmetic,Рахування та арифметика,Comptage et arithmétique,Conteo y aritmética
DESC_MUSIC,Play music! Toddlers: tap the animals. Preschoolers: repeat the melody.,Грай музику! Малюки: натискай тварин. Дошкільнята: повтори мелодію.,Joue de la musique ! Tout-petits : appuie sur les animaux. Préscolaires : répète la mélodie.,Toca música. Pequeños: toca los animales. Preescolares: repite la melodía.
SKILL_MUSIC,Musical memory,Музична пам'ять,Mémoire musicale,Memoria musical
DESC_SAFE_MAZE,Guide the animal! Trace the path with your finger to the star.,Проведи тварину! Веди пальцем по шляху до зірки.,Guide l'animal ! Trace le chemin avec ton doigt jusqu'à l'étoile.,Guía al animal. Traza el camino con tu dedo hasta la estrella.
SKILL_SAFE_MAZE,Hand-eye coordination,Координація рука-око,Coordination œil-main,Coordinación mano-ojo
DESC_SMART_COLORING,Color the animal! Paint with the brush and the animal comes alive.,Розфарбуй тварину! Малюй пензлем і тварина оживе.,Colorie l'animal ! Peins avec le pinceau et l'animal prend vie.,Colorea al animal. Pinta con el pincel y el animal cobrará vida.
SKILL_SMART_COLORING,Fine motor skills + creativity,Дрібна моторика + творчість,Motricité fine + créativité,Motricidad fina + creatividad
DESC_SENSORY_SANDBOX,Draw with neon! Free drawing on a dark background.,Малюй неоном! Вільне малювання на темному фоні.,Dessine en néon ! Dessin libre sur fond sombre.,Dibuja con neón. Dibujo libre sobre fondo oscuro.
SKILL_SENSORY_SANDBOX,Sensory exploration,Сенсорне дослідження,Exploration sensorielle,Exploración sensorial
DESC_MAGNETIC_HALVES,Mirror Magic! Free the animals from broken mirrors!,Зеркальна магія! Звільни тварин з розбитих дзеркал!,Magie des miroirs ! Libère les animaux des miroirs brisés !,¡Magia de espejos! ¡Libera a los animales de los espejos rotos!
SKILL_MAGNETIC_HALVES,Visual assembly,Візуальне складання,Assemblage visuel,Ensamblaje visual
DESC_COLOR_LAB,Brew magic potions! Mix colors in the cauldron to heal sick animals.,Звари чарівне зілля! Змішай кольори в котлі щоб зцілити хворих тварин.,Prépare des potions magiques ! Mélange les couleurs dans le chaudron pour guérir les animaux malades.,Prepara pociones mágicas. Mezcla colores en el caldero para curar animales enfermos.
SKILL_COLOR_LAB,Color mixing,Змішування кольорів,Mélange de couleurs,Mezcla de colores
DESC_WEATHER_DRESS,Dress for the weather! Choose the right clothes for sun rain or snow.,Одягни за погодою! Обери правильний одяг для сонця дощу чи снігу.,Habille selon la météo ! Choisis les bons vêtements pour le soleil la pluie ou la neige.,Viste según el clima. Elige la ropa correcta para el sol la lluvia o la nieve.
SKILL_WEATHER_DRESS,Cause and effect,Причинно-наслідкові зв'язки,Cause et effet,Causa y efecto
DESC_COMPARE,Hungry friends! Who has more food? Tap to help them share!,Голодні друзі! У кого більше їжі? Натисни щоб допомогти їм поділитися!,Amis affamés ! Qui a plus ? Appuie pour les aider à partager !,Amigos hambrientos! Quién tiene más? Toca para ayudarlos a compartir!
SKILL_COMPARE,Quantity comparison,Кількісне порівняння,Comparaison de quantités,Comparación de cantidades
DESC_SIZE_SORT,Family Photo! Seat the animal family on chairs by size.,Сімейне фото! Розсади сім'ю тварин на стільці за розміром.,Photo de famille ! Assieds la famille animale sur les chaises par taille.,Foto familiar. Sienta a la familia animal en sillas por tamaño.
SKILL_SIZE_SORT,Seriation (size),Серіація (розмір),Sériation (taille),Seriación (tamaño)
DESC_ODD_ONE_OUT,Photo Crasher! Find who snuck into the group photo.,Фотобомбер! Знайди хто влiз у групове фото.,Photobombeur ! Trouve qui s'est glissé dans la photo de groupe.,Intruso en la foto. Encuentra quién se coló en la foto grupal.
SKILL_ODD_ONE_OUT,Classification,Класифікація,Classification,Clasificación
DESC_SORTING,Help the animals get home! Drag each one to the right house.,Допоможи тваринам додому! Перетягни кожну в правильний будинок.,Aide les animaux à rentrer ! Glisse chacun dans la bonne maison.,Ayuda a los animales a llegar a casa. Arrastra cada uno a la casa correcta.
SKILL_SORTING,Categorization,Категоризація,Catégorisation,Categorización
DESC_HYGIENE,Bath time! Pick the right tool to clean dirt and paint and food from the animal.,Купання! Обери правильний інструмент щоб витерти бруд та фарбу та їжу з тваринки.,Bain ! Choisis le bon outil pour nettoyer la saleté et la peinture et la nourriture de l'animal.,Hora del baño. Elige la herramienta correcta para limpiar la suciedad y la pintura y la comida del animal.
SKILL_HYGIENE,Fine motor skills + hygiene,Дрібна моторика + гігієна,Motricité fine + hygiène,Motricidad fina + higiene
DESC_CASH_REGISTER,Help the animals shop! Pay with coins at Tofie's Shop.,Допоможи тваринам купувати! Заплати монетами в Магазині Тофі.,Aide les animaux à faire leurs courses ! Paie avec des pièces à la Boutique de Tofie.,Ayuda a los animales a comprar. Paga con monedas en la Tienda de Tofie.
SKILL_CASH_REGISTER,Understanding money + addition,Розуміння грошей + додавання,Compréhension de l'argent + addition,Comprensión del dinero + suma
DESC_ECO_CONVEYOR,Save the planet! Sort the trash into the right containers.,Врятуй планету! Сортуй сміття в правильні контейнери.,Sauve la planète ! Trie les déchets dans les bons conteneurs.,Salva el planeta. Clasifica la basura en los contenedores correctos.
SKILL_ECO_CONVEYOR,Ecological awareness,Екологічна свідомість,Conscience écologique,Conciencia ecológica
DESC_COLOR_CONVEYOR,Paint Factory! Dip grey shapes into the matching paint bucket to color them.,Фабрика фарб! Макай сірі фігури в правильне відро з фарбою щоб пофарбувати.,Usine de peinture ! Trempe les formes grises dans le bon pot de peinture pour les colorer.,Fábrica de pintura. Moja las formas grises en el bote de pintura correcto para colorearlas.
SKILL_COLOR_CONVEYOR,Color + shape recognition,Розпізнавання кольорів + форм,Reconnaissance couleurs + formes,Reconocimiento de colores + formas
DESC_MATH_SCALES,Share equally! Divide the apples between the animals.,Поділи порівну! Розділи яблука між тваринами.,Partage également ! Divise les pommes entre les animaux.,Reparte por igual. Divide las manzanas entre los animales.
SKILL_MATH_SCALES,Equality + division,Рівність + ділення,Égalité + division,Igualdad + división
DESC_MATH_BINGO,Treasure map! Solve the equation and open the right chest.,Карта скарбів! Розв'яжи рівняння та відкрий потрібний сундук.,Carte au trésor ! Résous l'équation et ouvre le bon coffre.,Mapa del tesoro. Resuelve la ecuacion y abre el cofre correcto.
SKILL_MATH_BINGO,Arithmetic,Арифметика,Arithmétique,Aritmética
DESC_SPELLING_BLOCKS,Camp name tags! Drag letters to spell each animal's name.,Бірки табору! Перетягни літери щоб скласти ім'я тварини на бірці.,Badges du camp ! Glisse les lettres pour épeler le nom de l'animal.,Insignias del campamento. Arrastra las letras para deletrear el nombre del animal.
SKILL_SPELLING_BLOCKS,Literacy + spelling,Грамотність + спеллінг,Littératie + orthographe,Alfabetización + ortografía
DESC_ANALOG_CLOCK,What time is it? Set the clock hands to the right time.,Який час? Встанови стрілки годинника на потрібний час.,Quelle heure est-il ? Règle les aiguilles de l'horloge à la bonne heure.,Qué hora es? Pon las manecillas del reloj a la hora correcta.
SKILL_ANALOG_CLOCK,Understanding time,Розуміння часу,Compréhension du temps,Comprensión del tiempo
DESC_KNIGHT_PATH,Knight's adventures! Guide the knight to the treasures.,Пригоди лицаря! Проведи коника до скарбів.,Aventures du cavalier ! Guide le cavalier vers les trésors.,Aventuras del caballero. Guía al caballero hasta los tesoros.
SKILL_KNIGHT_PATH,Spatial logic,Просторова логіка,Logique spatiale,Lógica espacial
DESC_ALGO_ROBOT,Robot adventures! Show the robot the path to the battery.,Робот-пригоди! Покажи роботу шлях до батарейки.,Aventures du robot ! Montre au robot le chemin vers la batterie.,Aventuras del robot. Muestra al robot el camino a la batería.
SKILL_ALGO_ROBOT,Algorithmic thinking,Алгоритмічне мислення,Pensée algorithmique,Pensamiento algorítmico
DESC_PATTERN,Bead Necklace! Make necklaces for animal friends.,Бусы для друзів! Зроби намисто для тваринок.,Collier de perles ! Fabrique des colliers pour tes amis animaux.,Collar de cuentas. Haz collares para tus amigos animales.
SKILL_PATTERN,Logical thinking,Логічне мислення,Pensée logique,Pensamiento lógico
DESC_GRAVITY_ORBITS,Hungry planet! Catch stars and feed the planet.,Голодна планета! Злови зірки і нагодуй планету.,Planète affamée ! Attrape les étoiles et nourris la planète.,Planeta hambriento. Atrapa estrellas y alimenta al planeta.
SKILL_GRAVITY_ORBITS,Counting + self-control,Рахування + самоконтроль,Comptage + autocontrôle,Conteo + autocontrol
BEAD_NECKLACE_TUTORIAL_TODDLER,Make a necklace for a friend!,Зроби намисто для друга!,Fais un collier pour un ami !,¡Haz un collar para un amigo!
BEAD_NECKLACE_TUTORIAL_PRESCHOOL,Complete the bead pattern!,Доповни візерунок з бусин!,Complète le motif de perles !,¡Completa el patrón de cuentas!
FOOD_TUTORIAL_TODDLER,Drag food to the animal!,Перетягни їжу до тварини!,Glisse la nourriture vers l'animal !,¡Arrastra la comida al animal!
FOOD_TUTORIAL_PRESCHOOL,Who is this? Feed the guest!,Хто це? Нагодуй гостя!,Qui est-ce ? Nourris l'invité !,¿Quién es? ¡Alimenta al invitado!
ZONE_HEAD,Head,Голова,Tête,Cabeza
ZONE_BODY,Body,Тіло,Corps,Cuerpo
ZONE_LEGS,Legs,Ноги,Jambes,Piernas
ZONE_HANDS,Hands,Руки,Mains,Manos
ZONE_ACCESSORY,Accessory,Аксесуар,Accessoire,Accesorio
DRESS_TUTORIAL_TODDLER,Dress Tofie for the weather!,Одягни Тофі за погодою!,Habille Tofie selon la météo !,¡Viste a Tofie según el clima!
DRESS_TUTORIAL_PRESCHOOL,Choose the right clothes!,Обери правильний одяг!,Choisis les bons vêtements !,¡Elige la ropa correcta!
PHOTO_CRASHER_FIND,Who crashed the photo?,Хто влiз у фото?,Qui a ruiné la photo ?,¿Quién arruinó la foto?
PHOTO_CRASHER_FIND_TWO,Two crashers! Find them both!,Два фотобомбери! Знайди обох!,Deux photobombeurs ! Trouve-les tous les deux !,¡Dos intrusos! ¡Encuéntralos a ambos!
COLORING_NARRATIVE,Animals lost their colors! Paint them back to life!,Тварини втратили кольори! Розфарбуй їх щоб оживити!,Les animaux ont perdu leurs couleurs ! Redonne-leur vie !,¡Los animales perdieron sus colores! ¡Píntalos para revivirlos!
COLORING_ZONE_HEAD,Paint the head!,Розфарбуй голову!,Peins la tête !,¡Pinta la cabeza!
COLORING_ZONE_BODY,Paint the body!,Розфарбуй тіло!,Peins le corps !,¡Pinta el cuerpo!
COLORING_ZONE_TAIL,Paint the tail!,Розфарбуй хвіст!,Peins la queue !,¡Pinta la cola!
COLORING_ALL_ZONES_DONE,All parts colored!,Всі частини розфарбовані!,Toutes les parties colorées !,¡Todas las partes coloreadas!
TITLE_VILLAGE,Tofie's Village,Село Тофі,Village de Tofie,Aldea de Tofie
VILLAGE_MET,%d / 19 Met,%d / 19 Знайомі,%d / 19 Rencontrés,%d / 19 Conocidos
VILLAGE_FED,%d / 19 Fed,%d / 19 Нагодовані,%d / 19 Nourris,%d / 19 Alimentados
VILLAGE_BEST_FRIEND,%d / 19 Best Friends,%d / 19 Найкращі друзі,%d / 19 Meilleurs amis,%d / 19 Mejores amigos
VILLAGE_TIER_UNKNOWN,???,???,???,???
VILLAGE_TIER_MET,Met,Знайомий,Rencontré,Conocido
VILLAGE_TIER_FED,Fed,Нагодований,Nourri,Alimentado
VILLAGE_TIER_BEST_FRIEND,Best Friend,Найкращий друг,Meilleur ami,Mejor amigo
STICKER_COUNT,%d / %d Stickers,%d / %d Наліпки,%d / %d Autocollants,%d / %d Pegatinas
ANIMAL_BUNNY,Bunny,Зайчик,Lapin,Conejito
ANIMAL_DOG,Dog,Собачка,Chien,Perrito
ANIMAL_BEAR,Bear,Ведмедик,Ours,Osito
ANIMAL_MONKEY,Monkey,Мавпочка,Singe,Monito
ANIMAL_CAT,Cat,Котик,Chat,Gatito
ANIMAL_CHICKEN,Chicken,Курочка,Poule,Pollito
ANIMAL_COW,Cow,Корівка,Vache,Vaquita
ANIMAL_CROCODILE,Crocodile,Крокодильчик,Crocodile,Cocodrilo
ANIMAL_FROG,Frog,Жабка,Grenouille,Ranita
ANIMAL_DEER,Deer,Оленятко,Cerf,Cervatillo
ANIMAL_ELEPHANT,Elephant,Слоник,Éléphant,Elefantito
ANIMAL_HORSE,Horse,Конячка,Cheval,Caballito
ANIMAL_LION,Lion,Левеня,Lion,Leoncito
ANIMAL_PENGUIN,Penguin,Пінгвінчик,Pingouin,Pingüinito
ANIMAL_PANDA,Panda,Панда,Panda,Panda
ANIMAL_GOAT,Goat,Козочка,Chèvre,Cabrita
ANIMAL_MOUSE,Mouse,Мишка,Souris,Ratoncito
ANIMAL_SQUIRREL,Squirrel,Білочка,Écureuil,Ardillita
ANIMAL_HEDGEHOG,Hedgehog,Їжачок,Hérisson,Erizito
GAME_EMOTION_MIRROR,Emotion Mirror,Дзеркало емоцій,Miroir des émotions,Espejo de emociones
DESC_EMOTION_MIRROR,Recognize feelings and help friends!,Розпізнай почуття та допоможи друзям!,Reconnais les émotions et aide tes amis !,¡Reconoce sentimientos y ayuda a tus amigos!
SKILL_EMOTION_MIRROR,Emotional intelligence,Емоційний інтелект,Intelligence émotionnelle,Inteligencia emocional
EMOTION_TUTORIAL_TODDLER,How does the animal feel? Drag the face!,Що відчуває тваринка? Перетягни обличчя!,Comment se sent l'animal ? Glisse le visage !,¿Cómo se siente el animal? ¡Arrastra la cara!
EMOTION_TUTORIAL_PRESCHOOL,How does the animal feel? Drag and help!,Що відчуває тваринка? Перетягни та допоможи!,Comment se sent l'animal ? Glisse et aide !,¿Cómo se siente el animal? ¡Arrastra y ayuda!
EMOTION_PICK_FEELING,How does the animal feel?,Що відчуває тваринка?,Comment se sent l'animal ?,¿Cómo se siente el animal?
EMOTION_PICK_ACTION,How can you help?,Як ти можеш допомогти?,Comment peux-tu aider ?,¿Cómo puedes ayudar?
EMOTION_HAPPY,Happy,Радість,Content,Feliz
EMOTION_SAD,Sad,Сум,Triste,Triste
EMOTION_ANGRY,Angry,Злість,En colère,Enojado
EMOTION_SCARED,Scared,Страх,Effrayé,Asustado
EMOTION_ACTION_HUG,Hug,Обійняти,Câlin,Abrazar
EMOTION_ACTION_TALK,Talk,Поговорити,Parler,Hablar
EMOTION_ACTION_SPACE,Space,Дати спокій,Espace,Espacio
EMOTION_SIT_ICE_CREAM,Oh no! The ice cream fell!,Ой! Морозиво впало!,Oh non ! La glace est tombée !,¡Oh no! ¡Se cayó el helado!
EMOTION_SIT_GIFT,Wow! A surprise gift!,Ого! Подарунок-сюрприз!,Wow ! Un cadeau surprise !,¡Guau! ¡Un regalo sorpresa!
EMOTION_SIT_THUNDER,Oh! A loud thunder!,Ой! Гучний грім!,Oh ! Un tonnerre bruyant !,¡Oh! ¡Un trueno fuerte!
EMOTION_SIT_FOUND_TOY,Yay! Found the favorite toy!,Ура! Знайшлася улюблена іграшка!,Super ! Le jouet préféré est retrouvé !,¡Bien! ¡Encontró su juguete favorito!
EMOTION_SIT_BALLOON,Oh no! The balloon popped!,Ой ні! Кулька луснула!,Oh non ! Le ballon a éclaté !,¡Oh no! ¡El globo se reventó!
EMOTION_SIT_DARK_ROOM,It is dark in the room!,У кімнаті темно!,Il fait sombre dans la chambre !,¡Está oscuro en la habitación!
EMOTION_SIT_PUDDLES,Splashing in the puddles!,Стрибає по калюжах!,Saute dans les flaques !,¡Saltando en los charcos!
EMOTION_SIT_TOY_TAKEN,Someone took the toy away!,Хтось забрав іграшку!,Quelqu'un a pris le jouet !,¡Alguien le quitó el juguete!
EMOTION_SIT_FRIEND_LEFT,A friend went home...,Друг пішов додому...,L'ami est parti à la maison...,El amigo se fue a casa...
EMOTION_SIT_WON_RACE,Won the race! First place!,Перемога у перегонах! Перше місце!,A gagné la course ! Première place !,¡Ganó la carrera! ¡Primer lugar!
EMOTION_SIT_NOT_INVITED,Was not invited to play...,Не запросили гратися...,N'a pas été invité à jouer...,No lo invitaron a jugar...
EMOTION_SIT_CUT_LINE,Someone cut in line!,Хтось вліз без черги!,Quelqu'un a coupé la file !,¡Alguien se coló en la fila!
EMOTION_SIT_SHADOW,A strange shadow on the wall!,Дивна тінь на стіні!,Une ombre étrange sur le mur !,¡Una sombra extraña en la pared!
EMOTION_SIT_HELPED_FRIEND,Helped a friend carry something!,Допоміг другу нести речі!,A aidé un ami à porter quelque chose !,¡Ayudó a un amigo a cargar algo!
EMOTION_SIT_DRAWING_RUINED,Someone spilled paint on the drawing!,Хтось розлив фарбу на малюнок!,Quelqu'un a renversé de la peinture sur le dessin !,¡Alguien derramó pintura en el dibujo!
EMOTION_SIT_PUSHED,Was pushed by someone!,Хтось штовхнув!,A été poussé par quelqu'un !,¡Alguien lo empujó!
EMOTION_SIT_JEALOUS_PRIZE,Someone else got the prize...,Хтось інший отримав приз...,Quelqu'un d'autre a eu le prix...,Otro se llevó el premio...
EMOTION_SIT_LOST_PLACE,Got lost in a new place!,Загубився у новому місці!,S'est perdu dans un nouvel endroit !,¡Se perdió en un lugar nuevo!
EMOTION_SIT_BROKE_FRIEND_TOY,Accidentally broke a friend's toy...,Випадково зламав іграшку друга...,A cassé le jouet d'un ami par accident...,Rompió sin querer el juguete de un amigo...
EMOTION_SIT_SHARED_COOKIE,Shared the last cookie with a friend!,Поділився останнім печивом з другом!,A partagé le dernier biscuit avec un ami !,¡Compartió la última galleta con un amigo!
EMOTION_SIT_BLAMED,Was blamed for something unfairly!,Несправедливо звинуватили!,A été accusé injustement !,¡Lo culparon injustamente!
EMOTION_SIT_FRIEND_CRYING,A friend is crying...,Друг плаче...,Un ami pleure...,Un amigo está llorando...
EMOTION_SIT_STAGE,Has to perform on stage!,Треба виступати на сцені!,Doit monter sur scène !,¡Tiene que actuar en el escenario!
EMOTION_SIT_PROMISE_BROKEN,Someone broke a promise!,Хтось порушив обіцянку!,Quelqu'un a brisé une promesse !,¡Alguien rompió una promesa!
GAME_LETTER_MATCH,Living Letters,Живі букви,Lettres vivantes,Letras vivas
DESC_LETTER_MATCH,Match letters to their shadows!,Знайди пару для кожної букви!,Associe les lettres à leurs ombres !,¡Empareja las letras con sus sombras!
SKILL_LETTER_MATCH,Letter Recognition,Розпізнавання букв,Reconnaissance des lettres,Reconocimiento de letras
LETTER_TUTORIAL_TODDLER,Drag the letter to its twin!,Перетягни букву до двійника!,Glisse la lettre vers son jumeau !,¡Arrastra la letra a su gemelo!
LETTER_TUTORIAL_PRESCHOOL,Match uppercase to lowercase!,З'єднай велику з малою!,Associe majuscule et minuscule !,¡Empareja mayúsculas con minúsculas!
GAME_STORY_CARDS,Story Cards,Карти історій,Cartes d'histoire,Tarjetas de historia
DESC_STORY_CARDS,Put the story in order!,Розклади історію по порядку!,Mets l'histoire dans l'ordre !,¡Pon la historia en orden!
SKILL_STORY_CARDS,Narrative Sequencing,Наративне мислення,Séquençage narratif,Secuenciación narrativa
STORY_TUTORIAL_TODDLER,Help the story — drag cards in order!,Допоможи історії — перетягни картки по порядку!,Aide l'histoire — glisse les cartes dans l'ordre !,¡Ayuda a la historia — arrastra las tarjetas en orden!
STORY_TUTORIAL_PRESCHOOL,Arrange the story from first to last!,Впорядкуй історію від початку до кінця!,Arrange l'histoire du début à la fin !,¡Ordena la historia de principio a fin!
STORY_PLAYING,Watch the story!,Дивись історію!,Regarde l'histoire !,¡Mira la historia!
STORY_MORNING,Morning routine,Ранкова рутина,Routine du matin,Rutina matutina
STORY_BEDTIME,Bedtime routine,Укладання спати,Routine du coucher,Rutina de dormir
STORY_PLAY,Time to play!,Час гратися!,C'est l'heure de jouer !,¡Hora de jugar!
STORY_MEAL,Mealtime,Час їсти,L'heure du repas,Hora de comer
STORY_DRESSED,Getting dressed,Одягаємось,On s'habille,Nos vestimos
STORY_RAIN,Rainy day,Дощовий день,Jour de pluie,Día de lluvia
STORY_PLANT,Growing a flower,Вирощуємо квітку,On fait pousser une fleur,Cultivamos una flor
STORY_BUTTERFLY,Butterfly life,Життя метелика,La vie du papillon,Vida de mariposa
STORY_SEASONS,Four seasons,Чотири пори року,Les quatre saisons,Las cuatro estaciones
STORY_CAKE,Baking a cake,Печемо торт,On fait un gâteau,Horneamos un pastel
STORY_PUPPY,Lost puppy,Загублене цуценя,Chiot perdu,Cachorro perdido
STORY_HOUSE,Building a house,Будуємо дім,On construit une maison,Construimos una casa
STORY_CARD_WAKE_UP,Wake up,Прокинутись,Se réveiller,Despertar
STORY_CARD_BREAKFAST,Breakfast,Сніданок,Petit-déjeuner,Desayuno
STORY_CARD_BRUSH_TEETH,Brush teeth,Чистити зуби,Se brosser les dents,Cepillar dientes
STORY_CARD_BATH,Bath,Ванна,Bain,Baño
STORY_CARD_PAJAMAS,Pajamas,Піжама,Pyjama,Pijama
STORY_CARD_SLEEP,Sleep,Спати,Dormir,Dormir
STORY_CARD_SHOES_ON,Shoes on,Взути взуття,Mettre les chaussures,Ponerse zapatos
STORY_CARD_GO_OUTSIDE,Go outside,Вийти надвір,Sortir dehors,Salir afuera
STORY_CARD_PLAY,Play,Гратися,Jouer,Jugar
STORY_CARD_HUNGRY,Hungry,Голодний,Avoir faim,Tener hambre
STORY_CARD_COOK,Cook,Готувати,Cuisiner,Cocinar
STORY_CARD_EAT,Eat,Їсти,Manger,Comer
STORY_CARD_CLOTHES,Clothes,Одяг,Vêtements,Ropa
STORY_CARD_READY,Ready!,Готово!,Prêt !,¡Listo!
STORY_CARD_RAIN,Rain,Дощ,Pluie,Lluvia
STORY_CARD_UMBRELLA,Umbrella,Парасолька,Parapluie,Paraguas
STORY_CARD_PUDDLES,Puddles,Калюжі,Flaques,Charcos
STORY_CARD_SEED,Seed,Насінина,Graine,Semilla
STORY_CARD_WATER,Water,Вода,Eau,Agua
STORY_CARD_SPROUT,Sprout,Паросток,Pousse,Brote
STORY_CARD_FLOWER,Flower,Квітка,Fleur,Flor
STORY_CARD_EGG,Egg,Яйце,Œuf,Huevo
STORY_CARD_CATERPILLAR,Caterpillar,Гусениця,Chenille,Oruga
STORY_CARD_COCOON,Cocoon,Кокон,Cocon,Capullo
STORY_CARD_BUTTERFLY,Butterfly,Метелик,Papillon,Mariposa
STORY_CARD_SPRING,Spring,Весна,Printemps,Primavera
STORY_CARD_SUMMER,Summer,Літо,Été,Verano
STORY_CARD_AUTUMN,Autumn,Осінь,Automne,Otoño
STORY_CARD_WINTER,Winter,Зима,Hiver,Invierno
STORY_CARD_INGREDIENTS,Ingredients,Інгредієнти,Ingrédients,Ingredientes
STORY_CARD_MIX,Mix,Змішати,Mélanger,Mezclar
STORY_CARD_OVEN,Oven,Духовка,Four,Horno
STORY_CARD_CAKE,Cake,Торт,Gâteau,Pastel
STORY_CARD_PUPPY_LOST,Puppy lost,Цуценя загубилось,Chiot perdu,Cachorro perdido
STORY_CARD_SEARCH,Search,Шукати,Chercher,Buscar
STORY_CARD_FOUND,Found!,Знайшли!,Trouvé !,¡Encontrado!
STORY_CARD_HUG,Hug,Обійми,Câlin,Abrazo
STORY_CARD_HOME,Home,Додому,Maison,Casa
STORY_CARD_PLAN,Plan,Планувати,Planifier,Planificar
STORY_CARD_FOUNDATION,Foundation,Фундамент,Fondation,Cimiento
STORY_CARD_WALLS,Walls,Стіни,Murs,Paredes
STORY_CARD_ROOF,Roof,Дах,Toit,Techo
STORY_CARD_DONE,Done!,Готово!,Fini !,¡Hecho!
STORY_CARD_ROCKET,Rocket,Ракета,Fusée,Cohete
STORY_CARD_FISH,Fish,Рибка,Poisson,Pez
STORY_CARD_MOON,Moon,Місяць,Lune,Luna
STORY_CARD_HAT,Hat,Капелюх,Chapeau,Sombrero
STORY_CARD_DISTRACTOR_ROCKET,Rocket,Ракета,Fusée,Cohete
STORY_CARD_DISTRACTOR_FISH,Fish,Рибка,Poisson,Pez
STORY_CARD_DISTRACTOR_MOON,Moon,Місяць,Lune,Luna
STORY_CARD_DISTRACTOR_HAT,Hat,Капелюх,Chapeau,Sombrero
GAME_SOUND_MATCH,Sound Match,Хто так каже?,Qui fait ce bruit ?,¿Quién hace ese sonido?
DESC_SOUND_MATCH,Listen and find the animal!,Слухай та знайди тваринку!,Écoute et trouve l'animal !,¡Escucha y encuentra al animal!
SKILL_SOUND_MATCH,Auditory Discrimination,Слухове розрізнення,Discrimination auditive,Discriminación auditiva
SOUND_MATCH_INSTRUCTION,Who makes this sound?,Хто так каже?,Qui fait ce bruit ?,¿Quién hace ese sonido?
SOUND_MATCH_LISTEN_CAREFULLY,Listen carefully!,Слухай уважно!,Écoute bien !,¡Escucha con atención!
SOUND_MATCH_TUTORIAL_TODDLER,Listen to the sound and tap the animal!,Послухай звук та натисни на тваринку!,Écoute le son et touche l'animal !,¡Escucha el sonido y toca el animal!
SOUND_MATCH_TUTORIAL_PRESCHOOL,Which animal makes this sound? Tap it!,Яка тваринка так каже? Натисни!,Quel animal fait ce bruit ? Touche-le !,¿Qué animal hace ese sonido? ¡Tócalo!
GAME_PHONICS_POP,Phonics Pop,Фоніка-поп,Phonique Pop,Fonemas Pop
DESC_PHONICS_POP,Pop the bubble with the right letter!,Лопни пузир з правильною літерою!,Éclate la bulle avec la bonne lettre !,¡Revienta la burbuja con la letra correcta!
SKILL_PHONICS_POP,Phonemic Awareness,Фонематичне сприйняття,Conscience phonémique,Conciencia fonémica
PHONICS_POP_INSTRUCTION,What letter makes this sound?,Яка літера так звучить?,Quelle lettre fait ce son ?,¿Qué letra hace este sonido?
PHONICS_POP_LISTEN_CAREFULLY,Listen and pop the right bubble!,Слухай та лопни правильний пузир!,Écoute et éclate la bonne bulle !,¡Escucha y revienta la burbuja correcta!
PHONICS_POP_TUTORIAL_TODDLER,Listen to the sound and tap the bubble!,Послухай звук та натисни на пузир!,Écoute le son et touche la bulle !,¡Escucha el sonido y toca la burbuja!
PHONICS_POP_TUTORIAL_PRESCHOOL,Which letter makes this sound? Pop it!,Яка літера так звучить? Лопни!,Quelle lettre fait ce son ? Éclate-la !,¿Qué letra hace este sonido? ¡Reviéntala!
GAME_MIRROR_DRAW,Mirror Draw,Дзеркальне малювання,Dessin miroir,Dibujo espejo
DESC_MIRROR_DRAW,Draw the missing half!,Домалюй зниклу половинку!,Dessine la moitié manquante !,¡Dibuja la mitad que falta!
SKILL_MIRROR_DRAW,Spatial Symmetry,Просторова симетрія,Symétrie spatiale,Simetría espacial
MIRROR_DRAW_NARRATIVE,The magic mirror broke! Help fix the pictures!,Чарівне дзеркало розбилось! Допоможи відновити малюнки!,Le miroir magique s'est brisé ! Aide à réparer les images !,¡El espejo mágico se rompió! ¡Ayuda a arreglar los dibujos!
MIRROR_DRAW_TUTORIAL_TODDLER,Draw on the right side!,Малюй на правій стороні!,Dessine à droite !,¡Dibuja en el lado derecho!
MIRROR_DRAW_TUTORIAL_PRESCHOOL,Connect the dots to complete the picture!,З'єднай точки щоб завершити малюнок!,Relie les points pour compléter l'image !,¡Conecta los puntos para completar el dibujo!
MIRROR_DRAW_BUTTERFLY,Butterfly,Метелик,Papillon,Mariposa
MIRROR_DRAW_FACE,Face,Обличчя,Visage,Cara
MIRROR_DRAW_TREE,Tree,Дерево,Arbre,Árbol
MIRROR_DRAW_HOUSE,House,Будинок,Maison,Casa
MIRROR_DRAW_STAR,Star,Зірка,Étoile,Estrella
MIRROR_DRAW_HEART,Heart,Серце,Cœur,Corazón
MIRROR_DRAW_SNOWFLAKE,Snowflake,Сніжинка,Flocon de neige,Copo de nieve
MIRROR_DRAW_FLOWER,Flower,Квітка,Fleur,Flor
MIRROR_DRAW_CAR,Car,Машина,Voiture,Coche
MIRROR_DRAW_CAT,Cat,Кіт,Chat,Gato
ROUND_N,Round %d / %d,Раунд %d / %d,Manche %d / %d,Ronda %d / %d
SORTING_EVERYONE_HOME,Everyone is home!,Усі вдома!,Tout le monde est rentré !,¡Todos en casa!
BTN_CANCEL,Cancel,Скасувати,Annuler,Cancelar
PHONICS_FIND,Find:,Знайди:,Trouve :,Encuentra:
LETTER_TRACING_NARRATIVE,Help Tofie learn letters!,Допоможи Тофі вивчити літери!,Aide Tofie à apprendre les lettres !,¡Ayuda a Tofie a aprender las letras!
LETTER_TRACING_TUTORIAL_TODDLER,Trace the letter with your finger!,Обведи літеру пальчиком!,Trace la lettre avec ton doigt !,¡Traza la letra con tu dedo!
LETTER_TRACING_TUTORIAL_PRESCHOOL,Follow the dots to trace the letter!,Слідуй за точками щоб обвести літеру!,Suis les points pour tracer la lettre !,¡Sigue los puntos para trazar la letra!
LETTER_TRACING_INSTRUCTION,Trace: %s,Обведи: %s,Trace : %s,Traza: %s
GAME_LETTER_TRACING,Tofie's Letters,Літери Тофі,Les lettres de Tofie,Las letras de Tofie
DESC_LETTER_TRACING,Trace letters with your finger!,Обводь літери пальчиком!,Trace les lettres avec ton doigt !,¡Traza las letras con tu dedo!
SKILL_LETTER_TRACING,Letter Formation,Формування літер,Formation des lettres,Formación de letras
GAME_RHYME_MATCH,Rhyme Time,Час римів,Temps des rimes,Hora de rimas
DESC_RHYME_MATCH,Find the word that rhymes!,Знайди слово що римується!,Trouve le mot qui rime !,¡Encuentra la palabra que rima!
SKILL_RHYME_MATCH,Phonological Awareness,Фонологічна обізнаність,Conscience phonologique,Conciencia fonológica
RHYME_MATCH_INSTRUCTION,Which word sounds like this one?,Яке слово звучить схоже?,Quel mot rime avec celui-ci ?,¿Qué palabra rima con esta?
RHYME_MATCH_TUTORIAL_TODDLER,Tap the picture that sounds like the top one!,Натисни на картинку що звучить схоже!,Touche l'image qui rime !,¡Toca la imagen que suena parecida!
RHYME_MATCH_TUTORIAL_PRESCHOOL,Find the word that rhymes with the target!,Знайди слово що римується з цільовим!,Trouve le mot qui rime avec la cible !,¡Encuentra la palabra que rima con la de arriba!
GAME_FREEZE_DANCE,Freeze Dance,Танець заморозки,Danse gelée,Baile congelado
DESC_FREEZE_DANCE,Dance when the music plays — freeze when it stops!,Танцюй коли грає музика — завмри коли зупиниться!,Danse quand la musique joue — gèle quand elle s'arrête !,¡Baila cuando suene la música — congélate cuando pare!
SKILL_FREEZE_DANCE,Self-Regulation,Саморегуляція,Autorégulation,Autorregulación
FREEZE_ROUND,Round %d / %d,Раунд %d / %d,Manche %d / %d,Ronda %d / %d
FREEZE_TAP_ANIMALS,Tap the animals to dance!,Натискай на тваринок — вони танцюють!,Touche les animaux pour danser !,¡Toca los animales para bailar!
FREEZE_DONT_TOUCH,Don't touch! Freeze!,Не чіпай! Завмри!,Ne touche pas ! Gèle !,¡No toques! ¡Congélate!
FREEZE_STOP,FREEZE!,ЗАВМРИ!,GÈLE !,¡CONGÉLATE!
FREEZE_TUTORIAL_TODDLER,Tap the animals when they dance!,Натискай на тваринок коли вони танцюють!,Touche les animaux quand ils dansent !,¡Toca los animales cuando bailen!
FREEZE_TUTORIAL_PRESCHOOL,Tap to dance — but freeze when the music stops!,Натискай щоб танцювати — але завмри коли музика зупиниться!,Touche pour danser — mais gèle quand la musique s'arrête !,¡Toca para bailar — pero congélate cuando pare la música!
DRAW_STAR,Try drawing a star!,Спробуй намалювати зірку!,Essaie de dessiner une étoile !,¡Intenta dibujar una estrella!
DRAW_HEART,Try drawing a heart!,Спробуй намалювати серце!,Essaie de dessiner un cœur !,¡Intenta dibujar un corazón!
DRAW_CIRCLE,Try drawing a circle!,Спробуй намалювати коло!,Essaie de dessiner un cercle !,¡Intenta dibujar un círculo!
DRAW_HOUSE,Try drawing a house!,Спробуй намалювати будинок!,Essaie de dessiner une maison !,¡Intenta dibujar una casa!
DRAW_SUN,Try drawing a sun!,Спробуй намалювати сонце!,Essaie de dessiner un soleil !,¡Intenta dibujar un soleil!
GAME_PLANT_GROW,Magic Garden,Чарівний сад,Jardin magique,Jardin magico
DESC_PLANT_GROW,Plant seeds and watch them grow!,Саджай насіння і дивись як росте!,Plante des graines et regarde-les pousser !,¡Planta semillas y miralas crecer!
SKILL_PLANT_GROW,Cause & Effect,Причина і наслідок,Cause et effet,Causa y efecto
PLANT_GROW_TUTORIAL_TODDLER,Tap buttons to grow the plant!,Натискай кнопки щоб виростити рослину!,Touche les boutons pour faire pousser la plante !,¡Toca los botones para hacer crecer la planta!
PLANT_GROW_TUTORIAL_PRESCHOOL,Choose the right action for each step!,Обери правильну дію для кожного кроку!,Choisis la bonne action pour chaque etape !,¡Elige la accion correcta para cada paso!
PLANT_GROW_INSTRUCTION,Help the plant grow!,Допоможи рослині вирости!,Aide la plante a pousser !,¡Ayuda a la planta a crecer!
PLANT_ACTION_DIG,Dig,Копати,Creuser,Cavar
PLANT_ACTION_SEED,Seed,Насіння,Graine,Semilla
PLANT_ACTION_WATER,Water,Полити,Arroser,Regar
PLANT_ACTION_SUN,Sun,Сонце,Soleil,Sol
PLANT_ACTION_SCISSORS,Cut,Різати,Couper,Cortar
PLANT_ACTION_ICE,Ice,Лід,Glace,Hielo
GAME_MEASURE_UP,How Tall?,Яка висота?,Quelle taille ?,¿Qué altura?
DESC_MEASURE_UP,Measure objects with colorful blocks!,Вимірюй предмети кольоровими блоками!,Mesure les objets avec des blocs colorés !,¡Mide objetos con bloques de colores!
SKILL_MEASURE_UP,Measurement,Вимірювання,Mesure,Medición
MEASURE_UP_TUTORIAL_TODDLER,Which is taller? Tap it!,Хто вищий? Натисни!,Lequel est plus grand ? Appuie !,¿Cuál es más alto? ¡Tócalo!
MEASURE_UP_TUTORIAL_PRESCHOOL,Count the blocks and tap the number!,Порахуй блоки і натисни число!,Compte les blocs et appuie sur le nombre !,¡Cuenta los bloques y toca el número!
MEASURE_UP_HELP_BUILDER,Help the builder measure!,Допоможи будівельнику виміряти!,Aide le constructeur a mesurer !,¡Ayuda al constructor a medir!
MEASURE_UP_WHICH_TALLER,Which is TALLER?,Хто ВИЩИЙ?,Lequel est PLUS GRAND ?,¿Cuál es MÁS ALTO?
MEASURE_UP_HOW_MANY_BLOCKS,How many blocks tall?,Скільки блоків у висоту?,Combien de blocs de haut ?,¿Cuántos bloques de alto?
MEASURE_UP_COMPARE_TWO,Which is taller? Count blocks!,Хто вищий? Порахуй блоки!,Lequel est plus grand ? Compte !,¿Cuál es más alto? ¡Cuenta!
MEASURE_UP_ESTIMATE,How tall? Guess!,Яка висота? Вгадай!,Quelle taille ? Devine !,¿Qué altura? ¡Adivina!
MEASURE_UP_CORRECT,Great measuring!,Чудове вимірювання!,Super mesure !,¡Gran medición!
MEASURE_UP_OBJ_TREE,Tree,Дерево,Arbre,Árbol
MEASURE_UP_OBJ_HOUSE,House,Дім,Maison,Casa
MEASURE_UP_OBJ_GIRAFFE,Giraffe,Жирафа,Girafe,Jirafa
MEASURE_UP_OBJ_FLOWER,Flower,Квітка,Fleur,Flor
MEASURE_UP_OBJ_ROCKET,Rocket,Ракета,Fusée,Cohete
MEASURE_UP_OBJ_SNOWMAN,Snowman,Сніговик,Bonhomme de neige,Muñeco de nieve
MEASURE_UP_OBJ_CASTLE,Castle,Замок,Château,Castillo
MEASURE_UP_OBJ_PENGUIN,Penguin,Пінгвін,Pingouin,Pingüino
MEASURE_UP_OBJ_ROBOT,Robot,Робот,Robot,Robot
MEASURE_UP_OBJ_MUSHROOM,Mushroom,Гриб,Champignon,Seta
GAME_PREMIUM_DEMO,Tofie's Kitchen,Кухня Тофі,La cuisine de Tofie,La cocina de Tofie
DESC_PREMIUM_DEMO,Feed the animals their favorite food!,Нагодуй тваринок їхньою улюбленою їжею!,Nourris les animaux avec leur nourriture préférée !,¡Alimenta a los animales con su comida favorita!
SKILL_PREMIUM_DEMO,Animal Feeding,Годування тварин,Nourrir les animaux,Alimentar animales
PREMIUM_TUTORIAL_TODDLER,Drag the food to the hungry animal!,Перетягни їжу до голодної тваринки!,Glisse la nourriture vers l'animal affamé !,¡Arrastra la comida al animal hambriento!
PREMIUM_TUTORIAL_PRESCHOOL,Which food does this animal eat? Drag it!,Яку їжу їсть ця тваринка? Перетягни!,Quelle nourriture mange cet animal ? Glisse-la !,¿Qué come este animal? ¡Arrástralo!
GAME_PEEK_A_BOO,Tofie's Hide & Seek,Хованки Тофі,Cache-cache de Tofie,Escondite de Tofie
DESC_PEEK_A_BOO,Find the hiding animals!,Знайди тваринок що сховалися!,Trouve les animaux cachés !,¡Encuentra a los animales escondidos!
SKILL_PEEK_A_BOO,Visual Search,Візуальний пошук,Recherche visuelle,Búsqueda visual
PEEK_A_BOO_TUTORIAL,Tap to find the animals!,Тапни щоб знайти тваринок!,Touche pour trouver les animaux !,¡Toca para encontrar a los animales!
GAME_WHATS_MISSING,Who's Missing?,Хто Сховався?,Qui Manque ?,¿Quién Falta?
DESC_WHATS_MISSING,Remember the animals and find who sneaked away!,Запам'ятай тваринок і знайди хто втік!,Mémorise les animaux et trouve qui s'est enfui !,¡Recuerda a los animales y encuentra quién se escapó!
SKILL_WHATS_MISSING,Visual Memory,Візуальна пам'ять,Mémoire visuelle,Memoria visual
WHATS_MISSING_TUTORIAL_T,Remember who's here!,Запам'ятай хто тут!,Mémorise qui est là !,¡Recuerda quién está aquí!
WHATS_MISSING_TUTORIAL_P,Remember all animals — one will hide!,Запам'ятай всіх — хтось сховається!,Mémorise tous — un se cachera !,¡Recuerda a todos — uno se esconderá!
WHATS_MISSING_MEMORIZE,Look carefully!,Дивись уважно!,Regarde bien !,¡Mira con atención!
WHATS_MISSING_HIDING,Someone is hiding...,Хтось ховається...,Quelqu'un se cache...,Alguien se esconde...
WHATS_MISSING_WHO,Who's missing? Tap!,Хто зник? Тапни!,Qui manque ? Touche !,¿Quién falta? ¡Toca!
GAME_ANIMAL_POP,Catch the Animals!,Злови Тваринок!,Attrape les Animaux !,¡Atrapa a los Animales!
DESC_ANIMAL_POP,Animals pop up from holes — catch them quickly!,Тваринки визирають з нірок — лови швидко!,Les animaux sortent des trous — attrape-les vite !,¡Los animales salen de los agujeros — atrápalos rápido!
SKILL_ANIMAL_POP,Reaction Speed,Швидкість реакції,Vitesse de réaction,Velocidad de reacción
ANIMAL_POP_TUTORIAL_T,Tap the animals when they pop up!,Тапни тваринок коли визирають!,Touche les animaux quand ils apparaissent !,¡Toca a los animales cuando aparezcan!
ANIMAL_POP_TUTORIAL_P,Catch awake animals — don't wake the sleeping ones!,Лови прокинутих — не буди сонних!,Attrape les éveillés — ne réveille pas les endormis !,¡Atrapa a los despiertos — no despiertes a los dormidos!
ANIMAL_POP_CATCH,Tap the animals!,Тапни тваринок!,Touche les animaux !,¡Toca a los animales!
ANIMAL_POP_CATCH_NOT_SLEEPY,Catch awake animals only!,Лови лише прокинутих!,Attrape seulement les éveillés !,¡Atrapa solo a los despiertos!
SESSION_WELCOME,Let's play with the animals!,Пограємо з тваринками!,Jouons avec les animaux !,¡Juguemos con los animales!
SESSION_PLAYING,Great start! Keep going!,Чудовий початок! Продовжуй!,Bon début ! Continue !,¡Buen comienzo! ¡Sigue así!
SESSION_DOING_GREAT,You're doing amazing!,Ти молодець!,Tu es formidable !,¡Lo estás haciendo genial!
SESSION_AMAZING,What a wonderful session!,Яка чудова гра!,Quelle session magnifique !,¡Qué sesión maravillosa!
